{"cameraMode":{"drawMode":0,"name":"Shaded","section":"Shading Mode"},"sceneLighting":false,"audioPlay":false,"sceneViewState":{"showFog":true,"showMaterialUpdate":false,"showSkybox":false,"showFlares":true,"showImageEffects":true,"showParticleSystems":true},"in2DMode":false,"pivot":{"x":4.467231750488281,"y":6.53307580947876,"z":3.4849319458007814},"rotation":{"x":-0.021113064140081407,"y":0.9661762118339539,"z":-0.24291086196899415,"w":-0.0839771255850792},"size":3.853989839553833,"orthographic":false}