{"cameraMode":{"drawMode":0,"name":"Shaded","section":"Shading Mode"},"sceneLighting":false,"audioPlay":false,"sceneViewState":{"showFog":true,"showMaterialUpdate":false,"showSkybox":false,"showFlares":true,"showImageEffects":true,"showParticleSystems":true},"in2DMode":false,"pivot":{"x":2.565948486328125,"y":0.16559600830078126,"z":-0.6353578567504883},"rotation":{"x":-0.021113071590662004,"y":0.9661765694618225,"z":-0.2429109513759613,"w":-0.08397715538740158},"size":4.507394790649414,"orthographic":false}